{
    "best_model_name": "RandomForest",
    "feature_names": [
        "voltage_mean",
        "current_mean",
        "temperature_mean",
        "time_max"
    ],
    "feature_importances": {
        "voltage_mean": 0.36043386674178185,
        "current_mean": 0.43100549550779166,
        "temperature_mean": 0.06952495685351238,
        "time_max": 0.13903568089691426
    },
    "metrics": {
        "r2": 1.0,
        "rmse": 0.0539,
        "mae": 0.0048
    }
}